case_id,verdict,corrected_diagnosis,reviewer_notes,reviewed_at
C03,Accepted,,"Clean, single-command confirmation.",
C04,Edited,"Native VLAN mismatch (SW1=VLAN1, SW2=VLAN10) on an already-trunking link, not a missing trunk.","The AI misread the CDP message. The trunk IS up (Status: trunking); the log is a native VLAN mismatch warning, not a down trunk. Fix is to match native VLAN on both sides, not re-trunk.",
C05,Accepted,,"Direct IP comparison, no ambiguity.",
C06,Accepted,,"Straightforward, matches known fault.",
C07,Accepted,,Confidence correctly kept at Medium since the rogue device itself isn't identified yet - reasonable.,
C08,Rejected,"HSRP group stuck in Init state (FHRP misconfiguration - likely VLAN/interface or version mismatch between R1 and R2), unrelated to physical interface status.","The AI guessed 'interface down' without actually reading the standby brief table - the State column clearly says Init, not the Active/Standby state you'd see after a normal failover. There is no evidence in the output of a physical link problem. Re-prompted with the correct focus on HSRP state.",
C09,Accepted,,Numbers speak for themselves.,
C10,Accepted,,Correct and directly evidenced.,
C11,Edited,"The pool's network statement (192.168.10.0/24) and default-router (192.168.11.1) belong to two different subnets - a leftover from IP re-numbering, not exhaustion.","The AI assumed exhaustion without checking utilization - the output given doesn't even show a lease count. The real mismatch is visible right in the network/default-router lines. Correction is a config edit, not a bigger pool.",
C12,Accepted,,Matches evidence exactly.,
C13,Accepted,,Clean diagnosis.,
C14,Accepted,,Direct match.,
C15,Accepted,,"Confidence correctly kept Medium since the 'correct' IP is only known from the topology note, not the output itself.",
C16,Accepted,,"Correct, evidence is an absence which the AI correctly flagged.",
C17,Accepted,,Matches evidence and known fault.,
C18,Accepted,,"Good reasoning - flagged that R1's side still needs to be checked to confirm, hence Medium and not High.",
C19,Rejected,"Subnet mask misconfiguration - the PC is using 255.255.255.192 (/26) while the rest of VLAN10 uses 255.255.255.0 (/24), so it's logically on a different subnet.","No duplicate-IP evidence exists anywhere in the output (no DUPADDR message, no ARP conflict log) - the AI guessed based on the symptom alone instead of reading the ipconfig output, which clearly shows a different mask than the router's interface.",
C20,Accepted,,Correct and precisely evidenced.,
C21,Accepted,,This matches the example diagnosis format given in the problem statement almost exactly - good sign the prompt is well-calibrated.,
C22,Accepted,,"Correct, simple fix identified.",
C23,Accepted,,"This is the Critical/security case - human reviewer double-checked personally given the severity, and agreed with the AI.",
C24,Edited,"ACL 110's deny line is missing 'eq 23', so it blocks ALL TCP (including HTTP) to the server, not just Telnet as intended.","AI correctly found the ACL but the suggested fix (removing it entirely) would also remove the intended Telnet block. Correct fix is to add 'eq 23' to the deny line, not delete the ACL.",
C25,Accepted,,Correct and directly evidenced.,
C26,Accepted,,"Correct, simple typo catch.",
C27,Accepted,,Correct math on the wildcard mask.,
C28,Accepted,,Correct and direct.,
C29,Rejected,"RADIUS server (192.168.99.10) is unreachable/down - this is WPA2-Enterprise (802.1X), not a shared passphrase (WPA2-Personal), so a passphrase mismatch doesn't apply here at all.","The AI assumed WPA2-Personal without checking the topology note, which explicitly says WPA2-Enterprise with a RADIUS server. The 'show radius summary' output was sitting right there showing State: DOWN and the AI didn't use it.",
C30,Accepted,,"Clear single-line evidence, correct call.",
C01,Rejected,,,2026-08-26T23:31:27
C02,Edited,,,2026-08-27T22:09:58
